{"cameraMode":{"drawMode":0,"name":"Shaded","section":"Shading Mode"},"sceneLighting":true,"audioPlay":false,"sceneViewState":{"m_AlwaysRefresh":false,"showFog":true,"showSkybox":true,"showFlares":true,"showImageEffects":true,"showParticleSystems":true,"showVisualEffectGraphs":true,"m_FxEnabled":true},"in2DMode":false,"pivot":{"x":-6.971044540405273,"y":18.406171798706056,"z":19.597618103027345},"rotation":{"x":-0.04845766723155975,"y":-0.9444287419319153,"z":0.28163427114486697,"w":-0.1624986082315445},"size":1.2830086946487427,"orthographic":false}