{"cameraMode":{"drawMode":0,"name":"Shaded","section":"Shading Mode"},"sceneLighting":true,"audioPlay":false,"sceneViewState":{"m_AlwaysRefresh":false,"showFog":true,"showSkybox":true,"showFlares":true,"showImageEffects":true,"showParticleSystems":true,"showVisualEffectGraphs":true,"m_FxEnabled":true},"in2DMode":false,"pivot":{"x":0.26293206214904787,"y":27.428600311279298,"z":13.507205963134766},"rotation":{"x":-0.005470138508826494,"y":-0.8606022596359253,"z":0.5092387199401856,"w":-0.009262588806450367},"size":0.353362113237381,"orthographic":false}