{"cameraMode":{"drawMode":0,"name":"Shaded","section":"Shading Mode"},"sceneLighting":true,"audioPlay":false,"sceneViewState":{"m_AlwaysRefresh":false,"showFog":true,"showSkybox":true,"showFlares":true,"showImageEffects":true,"showParticleSystems":true,"showVisualEffectGraphs":true,"m_FxEnabled":true},"in2DMode":false,"pivot":{"x":14.221756935119629,"y":1.0833334922790528,"z":-4.968905448913574},"rotation":{"x":0.24722442030906678,"y":-0.6400863528251648,"z":0.2291482388973236,"w":0.6904520988464356},"size":1.7401851415634156,"orthographic":false}